id,email
1,1@agent.com
2,2@agent.com
3,3@agent.com
4,4@agent.com
5,5@agent.com
6,6@agent.com
7,7@agent.com
8,8@agent.com
9,9@agent.com
10,10@agent.com
11,11@agent.com
12,12@agent.com
13,13@agent.com
14,14@agent.com
15,15@agent.com
16,16@agent.com
17,17@agent.com
18,18@agent.com
19,19@agent.com
20,20@agent.com
21,21@agent.com
22,22@agent.com
23,23@agent.com
24,24@agent.com
25,25@agent.com
26,26@agent.com
27,27@agent.com
28,28@agent.com
29,29@agent.com
30,30@agent.com