userID,email
208,208@user.com
218,218@user.com
444,444@user.com
676,676@user.com
779,779@user.com
1092,1092@user.com
1155,1155@user.com
1241,1241@user.com
1245,1245@user.com
1354,1354@user.com
1481,1481@user.com
2035,2035@user.com
2126,2126@user.com
2517,2517@user.com
2780,2780@user.com
2788,2788@user.com
2884,2884@user.com
2926,2926@user.com
2983,2983@user.com
3056,3056@user.com
3091,3091@user.com
3112,3112@user.com
3170,3170@user.com
3643,3643@user.com
3701,3701@user.com
3725,3725@user.com
3775,3775@user.com
3897,3897@user.com
3900,3900@user.com
4178,4178@user.com
4373,4373@user.com
4442,4442@user.com
4481,4481@user.com
4522,4522@user.com
4708,4708@user.com
5000,5000@user.com
5297,5297@user.com
5480,5480@user.com
5696,5696@user.com
5724,5724@user.com
6054,6054@user.com
6326,6326@user.com
6515,6515@user.com
6884,6884@user.com
7140,7140@user.com
7457,7457@user.com
7725,7725@user.com
7812,7812@user.com
7837,7837@user.com
7944,7944@user.com
8014,8014@user.com
8101,8101@user.com
8125,8125@user.com
8392,8392@user.com
8647,8647@user.com